City,tweet,picture
Adelaide,Hop over to watch this super R-Ladies Github repo from Adelaide! Repo here: https://github.com/rladies/meetup-presentations_adelaide #rladies #iwd2020,Chapter Adelaide .png
Ames,Learn all about what #rstat with this brilliant Github repo from Ames! Repo here: https://github.com/rladies-ames #rladies #iwd2020,Chapter Ames .png
Auckland,Nourish your mind today! Watch this awesome Auckland Github repo! Repo here: https://github.com/rladies/meetup-presentations_auckland #rladies #iwd2020,Chapter Auckland .png
Austin,Looking for something to inspire you? browse the phenomenal Austin's Github repo Repo here: https://github.com/rladies/meetup-presentations_austin #rladies #iwd2020,Chapter Austin .png
Barcelona,Looking for something to inspire you? browse the intuitive Barcelona's Github repo Repo here: https://github.com/rladies/meetup-presentations_barcelona #rladies #iwd2020,Chapter Barcelona .png
Bari,Did you know that Bari has a exceptional Github repo full of awesome content? You can visit here! Repo here: https://github.com/rladies/meetup-presentations_bari #rladies #iwd2020,Chapter Bari .png
Belo Horizonte,Nourish your mind today! Watch this wonderful Belo Horizonte Github repo! Repo here: https://github.com/rladies/meetup-presentations_belohorizonte #rladies #iwd2020,Chapter BeloHorizonte .png
Berlin,Did you know that Berlin has a incredible Github repo full of awesome content? You can visit here! Repo here: https://github.com/rladies/meetup-presentations_berlin #rladies #iwd2020,Chapter Berlin .png
Boston,Learn all about what #rstat with this remarkable Github repo from Boston! Repo here: https://github.com/rladies/meetup-presentations_boston #rladies #iwd2020,Chapter Boston .png
Brisbane,Did you know that Brisbane has a admirable Github repo full of awesome content? You can visit here! Repo here: https://github.com/rladies/meetup-presentations_brisbane #rladies #iwd2020,Chapter Brisbane .png
Brussels,Learn all about what #rstat with this splendid Github repo from Brussels! Repo here: https://github.com/rladies/meetup-presentations_brussels #rladies #iwd2020,Chapter Brussels .png
Bucharest,Do you like #rstats? Looking to learn more? Visit the Bucharest's awesome Github repo! Repo here: https://github.com/rladies/meetup-presentations_bucharest/ #rladies #iwd2020,Chapter Bucharest .png
Budapest,Learn all about what #rstat with this insightful Github repo from Budapest! Repo here: https://github.com/rladies/meetup-presentations_budapest #rladies #iwd2020,Chapter Budapest .png
Buenos Aires,Did you know that Buenos Aires has a awesome Github repo full of awesome content? You can visit here! Repo here: https://github.com/rladies/meetup-presentations_buenosaires #rladies #iwd2020,Chapter BuenosAires .png
Cape Town,Nourish your mind today! Watch this excellent Cape Town Github repo! Repo here: https://github.com/rladies/meetup-presentations_capetown #rladies #iwd2020,Chapter CapeTown .png
Charlottesville,Looking for something to inspire you? browse the marvelous Charlottesville's Github repo Repo here: https://github.com/rladies/meetup-presentations_charlottesville #rladies #iwd2020,Chapter Charlottesville .png
Chicago,Nourish your mind today! Watch this insightful Chicago Github repo! Repo here: https://github.com/rladies/meetup-presentations_chicago #rladies #iwd2020,Chapter Chicago .png
Colombo,Learn all about what #rstat with this remarkable Github repo from Colombo! Repo here: https://github.com/rladiescolombo #rladies #iwd2020,Chapter Colombo .png
Columbus,Want some splendid ideas to implement at your R-Ladies meetup? Columbus Github repo has some in store for you! Repo here: https://github.com/rladies/meetup-presentations_columbus #rladies #iwd2020,Chapter Columbus .png
Córdoba,Want some incredible ideas to implement at your R-Ladies meetup? Córdoba Github repo has some in store for you! Repo here: https://github.com/rladies/meetup-presentations_cordoba #rladies #iwd2020,Chapter Córdoba .png
D.C.,Did you know that D.C. has a phenomenal Github repo full of awesome content? You can visit here! Repo here: https://github.com/rladies/meetup-presentations_dc #rladies #iwd2020,Chapter D.C. .png
Dublin,Looking for something to inspire you? browse the brilliant Dublin's Github repo Repo here: https://github.com/rladies/meetup-presentations_dublin #rladies #iwd2020,Chapter Dublin .png
East Lansing,Did you know that East Lansing has a marvelous Github repo full of awesome content? You can visit here! Repo here: https://github.com/rladies-eastlansing #rladies #iwd2020,Chapter EastLansing .png
Eskisehir,Learn all about what #rstat with this phenomenal Github repo from Eskisehir! Repo here: https://github.com/rladies/meetup-presentations_eskisehir #rladies #iwd2020,Chapter Eskisehir .png
Frankfurt,Hop over to watch this marvelous R-Ladies Github repo from Frankfurt! Repo here: https://github.com/rladies/meetup-presentations_frankfurt #rladies #iwd2020,Chapter Frankfurt .png
Freiburg,Do you like #rstats? Looking to learn more? Visit the Freiburg's epic Github repo! Repo here: https://github.com/rladies/meetup-presentations_freiburg #rladies #iwd2020,Chapter Freiburg .png
Guayaquil,Did you know that Guayaquil has a exceptional Github repo full of awesome content? You can visit here! Repo here: https://github.com/rladies/meetup-presentations_guayaquil #rladies #iwd2020,Chapter Guayaquil .png
Herceg Novi,Hop over to watch this excellent R-Ladies Github repo from Herceg Novi! Repo here: https://github.com/rladies/meetup-presentations_montenegro #rladies #iwd2020,Chapter HercegNovi .png
Irvine,Want some phenomenal ideas to implement at your R-Ladies meetup? Irvine Github repo has some in store for you! Repo here: https://github.com/rladies/meetup-presentations_irvine #rladies #iwd2020,Chapter Irvine .png
Istanbul,Learn all about what #rstat with this intuitive Github repo from Istanbul! Repo here: https://github.com/rladies/meetup-presentations_istanbul #rladies #iwd2020,Chapter Istanbul .png
Johannesburg,Hop over to watch this awesome R-Ladies Github repo from Johannesburg! Repo here: https://github.com/rladies/meetup-presentations_jozi #rladies #iwd2020,Chapter Johannesburg .png
Lausanne,Learn all about what #rstat with this awesome Github repo from Lausanne! Repo here: https://github.com/rladies/meetup-presentations_lausanne #rladies #iwd2020,Chapter Lausanne .png
Leuven,Learn all about what #rstat with this brilliant Github repo from Leuven! Repo here: https://github.com/rladies/meetup-presentations_leuven #rladies #iwd2020,Chapter Leuven .png
Lima,Looking for something to inspire you? browse the super Lima's Github repo Repo here: https://github.com/rladies/meetup-presentations_lima #rladies #iwd2020,Chapter Lima .png
Linz,Hop over to watch this intuitive R-Ladies Github repo from Linz! Repo here: https://github.com/rladies/meetup-presentations_linz #rladies #iwd2020,Chapter Linz .png
Lisbon,Looking for something to inspire you? browse the excellent Lisbon's Github repo Repo here: https://github.com/rladies/meetup-presentations_lisbon #rladies #iwd2020,Chapter Lisbon .png
London,Learn all about what #rstat with this splendid Github repo from London! Repo here: https://github.com/rladies/meetup-presentations_london_ontario #rladies #iwd2020,Chapter London .png
London,Looking for something to inspire you? browse the brilliant London's Github repo Repo here: https://github.com/rladies/meetup-presentations_london #rladies #iwd2020,Chapter London .png
Los Angeles,Hop over to watch this wonderful R-Ladies Github repo from Los Angeles! Repo here: https://github.com/rladies/meetup-presentations_la #rladies #iwd2020,Chapter LosAngeles .png
Loughborough,Do you like #rstats? Looking to learn more? Visit the Loughborough's admirable Github repo! Repo here: https://github.com/rladies/meetup-presentations_loughborough #rladies #iwd2020,Chapter Loughborough .png
Lyon,Do you like #rstats? Looking to learn more? Visit the Lyon's awesome Github repo! Repo here: https://github.com/rladies/meetup-presentations_lyon #rladies #iwd2020,Chapter Lyon .png
Madrid,Learn all about what #rstat with this epic Github repo from Madrid! Repo here: https://github.com/rladies/meetup-presentations_madrid #rladies #iwd2020,Chapter Madrid .png
Manchester,Nourish your mind today! Watch this admirable Manchester Github repo! Repo here: https://github.com/RLadiesManchester #rladies #iwd2020,Chapter Manchester .png
Melbourne,Learn all about what #rstat with this incredible Github repo from Melbourne! Repo here: https://github.com/rladies/meetup-presentations_melbourne #rladies #iwd2020,Chapter Melbourne .png
Mendoza,Looking for something to inspire you? browse the admirable Mendoza's Github repo Repo here: https://github.com/rladies/meetup-presentations_mendoza #rladies #iwd2020,Chapter Mendoza .png
Miami,Looking for something to inspire you? browse the super Miami's Github repo Repo here: https://github.com/rladies/meetup-presentations_miami #rladies #iwd2020,Chapter Miami .png
Milan,Looking for something to inspire you? browse the awesome Milan's Github repo Repo here: https://github.com/rladies/meetup-presentations_milan #rladies #iwd2020,Chapter Milan .png
Montevideo,Hop over to watch this fantastic R-Ladies Github repo from Montevideo! Repo here: https://github.com/rladies/meetup-presentations_montevideo #rladies #iwd2020,Chapter Montevideo .png
Montréal,Nourish your mind today! Watch this amazing Montréal Github repo! Repo here: https://github.com/rladies/meetup-presentations_montreal #rladies #iwd2020,Chapter Montréal .png
Munich,Did you know that Munich has a remarkable Github repo full of awesome content? You can visit here! Repo here: https://github.com/rladies/meetup-presentations_munich #rladies #iwd2020,Chapter Munich .png
Nashville,Nourish your mind today! Watch this outstanding Nashville Github repo! Repo here: https://github.com/rladies-nashville #rladies #iwd2020,Chapter Nashville .png
Natal,Nourish your mind today! Watch this brilliant Natal Github repo! Repo here: https://github.com/rladies/meetup-presentations_natal #rladies #iwd2020,Chapter Natal .png
New York City,Hop over to watch this intuitive R-Ladies Github repo from New York City! Repo here: https://github.com/rladies/meetup-presentations_newyork #rladies #iwd2020,Chapter NewYorkCity .png
Orlando,Learn all about what #rstat with this outstanding Github repo from Orlando! Repo here: https://github.com/rladies/meetup-presentations_orlando #rladies #iwd2020,Chapter Orlando .png
Oslo,Did you know that Oslo has a epic Github repo full of awesome content? You can visit here! Repo here: https://github.com/rladies/meetup-presentations_oslo #rladies #iwd2020,Chapter Oslo .png
Paris,Hop over to watch this marvelous R-Ladies Github repo from Paris! Repo here: https://github.com/rladies-paris/ #rladies #iwd2020,Chapter Paris .png
Philadelphia,Learn all about what #rstat with this magnificent Github repo from Philadelphia! Repo here: https://github.com/rladies/meetup-presentations_philadelphia #rladies #iwd2020,Chapter Philadelphia .png
Portland,Nourish your mind today! Watch this intuitive Portland Github repo! Repo here: https://github.com/rladies/meetup-presentations_portland #rladies #iwd2020,Chapter Portland .png
Portland,Nourish your mind today! Watch this fantastic Portland Github repo! Repo here: https://github.com/rladies/meetup-presentations_portland #rladies #iwd2020,Chapter Portland .png
Puerto Ayora,Learn all about what #rstat with this awesome Github repo from Puerto Ayora! Repo here: https://github.com/rladies/meetup-presentations_galapagos-islands #rladies #iwd2020,Chapter PuertoAyora .png
Queretaro,Did you know that Queretaro has a intuitive Github repo full of awesome content? You can visit here! Repo here: https://github.com/RladiesQro #rladies #iwd2020,Chapter Queretaro .png
Quito,Nourish your mind today! Watch this intuitive Quito Github repo! Repo here: https://github.com/rladies/meetup-presentations_quito #rladies #iwd2020,Chapter Quito .png
Rio de Janeiro,Hop over to watch this excellent R-Ladies Github repo from Rio de Janeiro! Repo here: https://github.com/rladies/meetup-presentations_rio #rladies #iwd2020,Chapter RiodeJaneiro .png
RTP (Research Triangle Park),Want some remarkable ideas to implement at your R-Ladies meetup? RTP (Research Triangle Park) Github repo has some in store for you! Repo here: https://github.com/rladies/meetup-presentations_rtp #rladies #iwd2020,Chapter RTP(ResearchTrianglePark) .png
San Diego,Do you like #rstats? Looking to learn more? Visit the San Diego's intuitive Github repo! Repo here: https://github.com/rladies/meetup-presentations_sandiego #rladies #iwd2020,Chapter SanDiego .png
San Francisco,Nourish your mind today! Watch this insightful San Francisco Github repo! Repo here: https://github.com/rladies/meetup-presentations_sanfrancisco #rladies #iwd2020,Chapter SanFrancisco .png
Santa Barbara,Nourish your mind today! Watch this excellent Santa Barbara Github repo! Repo here: https://github.com/rladies/meetup-presentations_santabarbara #rladies #iwd2020,Chapter SantaBarbara .png
Santa Fe,Do you like #rstats? Looking to learn more? Visit the Santa Fe's cool Github repo! Repo here: https://github.com/rladies/meetup-presentations_santafe #rladies #iwd2020,Chapter SantaFe .png
Santa Rosa,Hop over to watch this insightful R-Ladies Github repo from Santa Rosa! Repo here: https://github.com/rladies/meetup-presentations_santarosa #rladies #iwd2020,Chapter SantaRosa .png
Santiago de Chile,Looking for something to inspire you? browse the brilliant Santiago de Chile's Github repo Repo here: https://github.com/rladies/meetup-presentations_santiago #rladies #iwd2020,Chapter SantiagodeChile .png
São Paulo,Learn all about what #rstat with this super Github repo from São Paulo! Repo here: https://github.com/rladies/meetup-presentations_sao-paulo #rladies #iwd2020,Chapter SãoPaulo .png
Sarasota,Did you know that Sarasota has a excellent Github repo full of awesome content? You can visit here! Repo here: https://github.com/rladies/meetup-presentations_sarasota #rladies #iwd2020,Chapter Sarasota .png
Seattle,Looking for something to inspire you? browse the outstanding Seattle's Github repo Repo here: https://github.com/rladies-seattle #rladies #iwd2020,Chapter Seattle .png
Strasbourg,Want some remarkable ideas to implement at your R-Ladies meetup? Strasbourg Github repo has some in store for you! Repo here: https://github.com/rladies/meetup-presentations_strasbourg #rladies #iwd2020,Chapter Strasbourg .png
Sydney,Do you like #rstats? Looking to learn more? Visit the Sydney's amazing Github repo! Repo here: https://github.com/rladiessydney #rladies #iwd2020,Chapter Sydney .png
Tbilisi,Do you like #rstats? Looking to learn more? Visit the Tbilisi's amazing Github repo! Repo here: https://github.com/rladies/meetup-presentations_tbilisi #rladies #iwd2020,Chapter Tbilisi .png
Ushuaia,Want some incredible ideas to implement at your R-Ladies meetup? Ushuaia Github repo has some in store for you! Repo here: https://github.com/rladies/meetup-presentations_ushuaia #rladies #iwd2020,Chapter Ushuaia .png
Victoria,Nourish your mind today! Watch this remarkable Victoria Github repo! Repo here: https://github.com/RLadiesVicBC #rladies #iwd2020,Chapter Victoria .png
