City,Country,GitHub,Email,Meetup
Buenos Aires,Argentina,https://github.com/rladies/meetup-presentations_buenosaires,buenosaires@rladies.org,https://www.meetup.com/rladies-buenos-aires/
Córdoba,Argentina,https://github.com/rladies/meetup-presentations_cordoba,cordoba@rladies.org,https://www.meetup.com/rladies-cordoba/
Santa Rosa,Argentina,https://github.com/rladies/meetup-presentations_santarosa,santarosa@rladies.org,https://www.meetup.com/rladies-santa-rosa/
Mendoza,Argentina,https://github.com/rladies/meetup-presentations_mendoza,mendoza@rladies.org,https://www.meetup.com/rladies-mendoza/
Santa Fe,Argentina,https://github.com/rladies/meetup-presentations_santafe,santafe@rladies.org,https://www.meetup.com/rladies-santa-fe/
Ushuaia,Argentina,https://github.com/rladies/meetup-presentations_ushuaia,ushuaia@rladies.org,https://www.meetup.com/rladies-ushuaia/
Adelaide,Australia,https://github.com/rladies/meetup-presentations_adelaide,adelaide@rladies.org,https://www.meetup.com/rladies-adelaide/
Melbourne,Australia,https://github.com/rladies/meetup-presentations_melbourne,melbourne@rladies.org,https://www.meetup.com/rladies-melbourne/
Sydney,Australia,https://github.com/rladiessydney,sydney@rladies.org,https://www.meetup.com/rladies-sydney/
Brisbane,Australia,https://github.com/rladies/meetup-presentations_brisbane,brisbane@rladies.org,https://www.meetup.com/rladies-brisbane/
Linz,Austria,https://github.com/rladies/meetup-presentations_linz,linz@rladies.org,https://www.meetup.com/rladies-linz/
Brussels,Belgium,https://github.com/rladies/meetup-presentations_brussels,brussels@rladies.org,https://www.meetup.com/rladies-brussels/
Leuven,Belgium,https://github.com/rladies/meetup-presentations_leuven,leuven@rladies.org,https://www.meetup.com/rladies-leuven/
Vitória,Brazil,https://github.com/rladies/meetup-presentations_vitoria,vitoria@rladies.org,https://www.meetup.com/rladies-vitória/
Belo Horizonte,Brazil,https://github.com/rladies/meetup-presentations_belohorizonte,belohorizonte@rladies.org,https://www.meetup.com/rladies-belo-horizonte/
Curitiba,Brazil,https://github.com/rladies/meetup-presentations_curitiba,curitiba@rladies.org,https://www.meetup.com/rladies-curitiba/
Recife,Brazil,https://github.com/rladies/meetup-presentations_recife,recife@rladies.org,https://www.meetup.com/rladies-recife/
Rio de Janeiro,Brazil,https://github.com/rladies/meetup-presentations_rio,rio@rladies.org,https://www.meetup.com/rladies-rio/
Natal,Brazil,https://github.com/rladies/meetup-presentations_natal,natal@rladies.org,https://www.meetup.com/rladies-natal/
São Paulo,Brazil,https://github.com/rladies/meetup-presentations_sao-paulo,saopaulo@rladies.org,https://www.meetup.com/rladies-sao-paulo/
Vancouver,Canada,https://github.com/rladies/meetup-presentations_vancouver,vancouver@rladies.org,https://www.meetup.com/rladies-vancouver/
Victoria,Canada,https://github.com/RLadiesVicBC,victoriabc@rladies.org,https://www.meetup.com/rladies-victoria/
London,Canada,https://github.com/rladies/meetup-presentations_london_ontario,ldnont@rladies.org,https://www.meetup.com/rladies-ldnont/
Toronto,Canada,https://github.com/rladies/meetup-presentations_toronto,toronto@rladies.org,https://www.meetup.com/rladies-toronto/
Montréal,Canada,https://github.com/rladies/meetup-presentations_montreal,montreal@rladies.org,https://www.meetup.com/rladies-montreal/
Santiago de Chile,Chile,https://github.com/rladies/meetup-presentations_santiago,santiago@rladies.org,https://www.meetup.com/rladies-scl/
San José,Costa Rica,https://github.com/rladies/meetup-presentations_sanjose,sanjoseCR@rladies.org,https://www.meetup.com/rladies-san-jose/
Puerto Ayora,Ecuador,https://github.com/rladies/meetup-presentations_galapagos-islands,galapagos@rladies.org,https://www.meetup.com/rladies-galapagos-islands/
Guayaquil,Ecuador,https://github.com/rladies/meetup-presentations_guayaquil,guayaquil@rladies.org,https://www.meetup.com/rladies-guayaquil/
Quito,Ecuador,https://github.com/rladies/meetup-presentations_quito,quito@rladies.org,https://www.meetup.com/rladies_quito/
Helsinki,Finland,https://github.com/rladies/meetup-presentations_helsinki,helsinki@rladies.org,https://www.meetup.com/rladies-helsinki/
Lyon,France,https://github.com/rladies/meetup-presentations_lyon,lyon@rladies.org,https://www.meetup.com/rladies-lyon/
Paris,France,https://github.com/rladies-paris/,paris@rladies.org,https://www.meetup.com/rladies-paris/
Strasbourg,France,https://github.com/rladies/meetup-presentations_strasbourg,strasbourg@rladies.org,https://www.meetup.com/rladies-strasbourg/
Tbilisi,Georgia,https://github.com/rladies/meetup-presentations_tbilisi,tbilisi@rladies.org,https://www.meetup.com/rladies-tbilisi/
Berlin,Germany,https://github.com/rladies/meetup-presentations_berlin,berlin@rladies.org,https://www.meetup.com/rladies-berlin/
Frankfurt,Germany,https://github.com/rladies/meetup-presentations_frankfurt,frankfurt@rladies.org,https://www.meetup.com/rladies-frankfurt/
Freiburg,Germany,https://github.com/rladies/meetup-presentations_freiburg,freiburg@rladies.org,https://www.meetup.com/rladies-freiburg/
Munich,Germany,https://github.com/rladies/meetup-presentations_munich,munich@rladies.org,https://www.meetup.com/rladies-munich/
Budapest,Hungary,https://github.com/rladies/meetup-presentations_budapest,budapest@rladies.org,https://www.meetup.com/rladies-budapest/
Pune,India,https://github.com/rladies/meetup-presentations_pune,pune@rladies.org,https://www.meetup.com/rladies-pune/
Chennai,India,https://github.com/rladies/meetup-presentations_chennai,chennai@rladies.org,https://www.meetup.com/rladies-chennai/
Jakarta,Indonesia,https://github.com/rladies/meetup-presentations_jakarta,jakarta@rladies.org,https://www.meetup.com/rladies-jakarta/
Dublin,Ireland,https://github.com/rladies/meetup-presentations_dublin,dublin@rladies.org,https://www.meetup.com/rladies-dublin/
Bari,Italy,https://github.com/rladies/meetup-presentations_bari,bari@rladies.org,https://www.meetup.com/rladies-bari/
Milan,Italy,https://github.com/rladies/meetup-presentations_milan,milan@rladies.org,https://www.meetup.com/rladies-milan/
Mexico City,Mexico,https://github.com/rladies/meetup-presentations_CDMX,cdmx@rladies.org,https://www.meetup.com/rladies-cdmx/
Puebla,Mexico,https://github.com/rladies/meetup-presentations_puebla,puebla@rladies.org,https://www.meetup.com/rladies-puebla/
Queretaro,Mexico,https://github.com/RladiesQro,qro@rladies.org,https://www.meetup.com/rladies-queretaro/
Herceg Novi,Montenegro,https://github.com/rladies/meetup-presentations_montenegro,montenegro@rladies.org,https://www.meetup.com/rladies-montenegro/
Rotterdam,Netherlands,https://github.com/rladies/meetup-presentations_rotterdam,rotterdam@rladies.org,https://www.meetup.com/rladies-rotterdam/
Utrecht,Netherlands,https://github.com/rladies/meetup-presentations_utrecht,NA,https://www.meetup.com/rladies-utrecht/
Auckland,New Zealand,https://github.com/rladies/meetup-presentations_auckland,auckland@rladies.org,https://www.meetup.com/rladies-auckland/
Abuja,Nigeria,https://github.com/rladies/meetup-presentations_abuja,NA,https://www.meetup.com/rladies-abuja/
Bergen,Norway,https://github.com/rladies/meetup-presentations_bergen,bergen@rladies.org,https://www.meetup.com/rladies-bergen
Oslo,Norway,https://github.com/rladies/meetup-presentations_oslo,oslo@rladies.org,https://www.meetup.com/rladies-oslo/
Lima,Peru,https://github.com/rladies/meetup-presentations_lima,lima@rladies.org,https://www.meetup.com/rladies-lima/
Warsaw,Poland,https://github.com/rladies/meetup-presentations_warsaw,warsaw@rladies.org,http://www.meetup.com/Spotkania-Entuzjastow-R-Warsaw-R-Users-Group-Meetup/
Lisbon,Portugal,https://github.com/rladies/meetup-presentations_lisbon,lisbon@rladies.org,https://www.meetup.com/rladies-lisboa/
Bucharest,Romania,https://github.com/rladies/meetup-presentations_bucharest,bucuresti@rladies.org,https://www.meetup.com/rladies-bucharest/
Novi Sad,Serbia,https://github.com/rladies/meetup-presentations_novi-sad,novisad@rladies.org,https://www.meetup.com/rladies-novi-sad/
Cape Town,South Africa,https://github.com/rladies/meetup-presentations_capetown,capetown@rladies.org,https://www.meetup.com/rladies-cape-town/
Johannesburg,South Africa,https://github.com/rladies/meetup-presentations_jozi,jozi@rladies.org,https://www.meetup.com/rladies-johannesburg/
Barcelona,Spain,https://github.com/rladies/meetup-presentations_barcelona,bcn@rladies.org,http://www.meetup.com/rladies-barcelona/
Madrid,Spain,https://github.com/rladies/meetup-presentations_madrid,madrid@rladies.org,https://www.meetup.com/rladies-madrid/
Colombo,Sri Lanka,https://github.com/rladiescolombo,colombo@rladies.org,https://www.meetup.com/rladies-colombo/
Stockholm,Sweden,https://github.com/rladies/meetup-presentations_stockholm,stockholm@rladies.org,https://www.meetup.com/rladies-stockholm/
Lausanne,Switzerland,https://github.com/rladies/meetup-presentations_lausanne,rladieslausanne@gmail.com,https://www.meetup.com/rladies-lausanne/
Taipei,Taiwan,https://github.com/rladies/meetup-presentations_taipei,taipei@rladies.org,https://www.meetup.com/rladies-taipei/
Eskisehir,Turkey,https://github.com/rladies/meetup-presentations_eskisehir,eskisehir@rladies.org,https://www.meetup.com/rladies-eskisehir
Istanbul,Turkey,https://github.com/rladies/meetup-presentations_istanbul,istanbul@rladies.org,https://www.meetup.com/rladies-istanbul/
Lancaster,United Kingdom,https://github.com/rladies/meetup-presentations_lancaster,lancaster@rladies.org,https://www.meetup.com/rladies-lancaster/
London,United Kingdom,https://github.com/rladies/meetup-presentations_london,london@rladies.org,https://www.meetup.com/rladies-london/
Loughborough,United Kingdom,https://github.com/rladies/meetup-presentations_loughborough,loughborough@rladies.org,https://www.meetup.com/rladies-loughborough/
Manchester,United Kingdom,https://github.com/RLadiesManchester,manchester@rladies.org,https://www.meetup.com/rladies-manchester/
Montevideo,Uruguay,https://github.com/rladies/meetup-presentations_montevideo,montevideo@rladies.org,https://www.meetup.com/rladies-montevideo/
Davis,USA,https://github.com/rladies/meetup-presentations_newcastle,NA,NA
Irvine,USA,https://github.com/rladies/meetup-presentations_irvine,irvine@rladies.org,https://www.meetup.com/rladies-irvine/
Los Angeles,USA,https://github.com/rladies/meetup-presentations_la,la@rladies.org,https://www.meetup.com/rladies-la/
Riverside,USA,https://github.com/rladies/meetup-presentations_riverside,riverside@rladies.org,https://www.meetup.com/rladies-riverside/
San Diego,USA,https://github.com/rladies/meetup-presentations_sandiego,sandiego@rladies.org,https://www.meetup.com/rladies-san-diego/
San Francisco,USA,https://github.com/rladies/meetup-presentations_sanfrancisco,sf@rladies.org,https://www.meetup.com/rladies-san-francisco/
Santa Barbara,USA,https://github.com/rladies/meetup-presentations_santabarbara,santabarbara@rladies.org,https://www.meetup.com/rladies-santa-barbara/
Boulder,USA,https://github.com/rladies/meetup-presentations_boulder,boulder@rladies.org,https://www.meetup.com/rladies-boulder/
Miami,USA,https://github.com/rladies/meetup-presentations_miami,miami@rladies.org,https://www.meetup.com/rladies-miami/
Orlando,USA,https://github.com/rladies/meetup-presentations_orlando,orlando@rladies.org,https://www.meetup.com/rladies-orlando/
Sarasota,USA,https://github.com/rladies/meetup-presentations_sarasota,sarasota@rladies.org,https://www.meetup.com/rladies-sarasota/
Tampa,USA,https://github.com/rladies/meetup-presentations_tampa,tampa@rladies.org,https://www.meetup.com/rladies-tampa/
Athens,USA,https://github.com/rladies/meetup-presentations_athens-ga,NA,https://www.meetup.com/rladies-athens-ga/
Chicago,USA,https://github.com/rladies/meetup-presentations_chicago,chicago@rladies.org,https://www.meetup.com/rladies-chicago/
Ames,USA,https://github.com/rladies-ames,ames@rladies.org,https://www.meetup.com/rladies-ames/
Louisville,USA,https://github.com/rladies/meetup-presentation_louisville,louisville@rladies.org,https://www.meetup.com/rladies-louisville/
Portland,USA,https://github.com/rladies/meetup-presentations_portland,portland@rladies.org,https://www.meetup.com/rladies-portland-maine/
Baltimore,USA,https://github.com/rladies/meetup-presentations_baltimore,bmore@rladies.org,https://www.meetup.com/rladies-baltimore/
Boston,USA,https://github.com/rladies/meetup-presentations_boston,boston@rladies.org,https://www.meetup.com/rladies-boston/
East Lansing,USA,https://github.com/rladies-eastlansing,eastlansing@rladies.org,https://www.meetup.com/rladies-east-lansing/
Kansas City,USA,https://github.com/rladies/meetup-presentations_kansas-city,kansascity@rladies.org,https://www.meetup.com/rladies-kansas-city/
St.Louis,USA,https://github.com/rladies/meetup-presentations_stlouis,NA,https://www.meetup.com/rladies-st-louis/
New York City,USA,https://github.com/rladies/meetup-presentations_newyork,nyc@rladies.org,https://www.meetup.com/rladies-newyork/
RTP (Research Triangle Park),USA,https://github.com/rladies/meetup-presentations_rtp,rtp@rladies.org,https://www.meetup.com/rladies-rtp/
Columbus,USA,https://github.com/rladies/meetup-presentations_columbus,columbus@rladies.org,https://www.meetup.com/rladies-columbus/
Portland,USA,https://github.com/rladies/meetup-presentations_portland,pdx@rladies.org,https://www.meetup.com/rladies-pdx/
Philadelphia,USA,https://github.com/rladies/meetup-presentations_philadelphia,philly@rladies.org,https://www.meetup.com/rladies-philly/
Nashville,USA,https://github.com/rladies-nashville,nashville@rladies.org,https://www.meetup.com/rladies-nashville/
Austin,USA,https://github.com/rladies/meetup-presentations_austin,austin@rladies.org,https://www.meetup.com/rladies-austin/
El Paso,USA,https://github.com/rladies/meetup-presentations_el-paso,elpaso@rladies.org,https://www.meetup.com/rladies-el-paso/
Charlottesville,USA,https://github.com/rladies/meetup-presentations_charlottesville,charlottesville@rladies.org,https://www.meetup.com/rladies-charlottesville/
D.C.,USA,https://github.com/rladies/meetup-presentations_dc,dc@rladies.org,https://www.meetup.com/rladies-dc/
Seattle,USA,https://github.com/rladies-seattle,seattle@rladies.org,https://www.meetup.com/rladies-seattle/
